{
  "chunk": {
    "model": "Chunk",
    "model_type": "lgbm",
    "n_train": 800,
    "n_test": 200,
    "mae_train": 0.43987244014528804,
    "mae_test": 0.4546410903842617,
    "rmse_train": 0.5647365148821812,
    "rmse_test": 0.5857796699055909,
    "r2_train": 0.06197843752567023,
    "r2_test": -0.04178465783591068,
    "pearson_train": 0.2836885238074805,
    "pearson_test": -0.042925391479255934,
    "feature_importance": [
      849,
      0,
      0,
      42
    ],
    "n_estimators": 100
  },
  "config": {
    "model_type": "lgbm"
  }
}