{
  "chunk": {
    "model": "Chunk",
    "model_type": "lgbm",
    "n_train": 800,
    "n_test": 200,
    "mae_train": 0.33386539893477013,
    "mae_test": 0.34631512920821583,
    "rmse_train": 0.4922557615642243,
    "rmse_test": 0.4953009076527795,
    "r2_train": 0.11369012563148084,
    "r2_test": 0.018708043513331107,
    "pearson_train": 0.3665421703739709,
    "pearson_test": 0.15629786309454338,
    "feature_importance": [
      874,
      65
    ],
    "n_estimators": 100
  },
  "config": {
    "model_type": "lgbm"
  }
}