{
  "chunk": {
    "model": "Chunk",
    "n_train": 800,
    "n_test": 200,
    "mae_train": 0.4581309523301458,
    "mae_test": 0.4493188716244376,
    "rmse_train": 0.5823804431482227,
    "rmse_test": 0.5740063866412916,
    "r2_train": 0.002450057171999531,
    "r2_test": -0.00032890141933017425,
    "pearson_train": 0.04949805220409733,
    "pearson_test": 0.043398981130494035,
    "coefficients": [
      0.0457890861282619,
      0.0,
      0.0,
      -0.0009347852638011769
    ],
    "intercept": 3.1215615671593047
  }
}