{
  "chunk": {
    "model": "Chunk",
    "n_train": 800,
    "n_test": 200,
    "mae_train": 0.36109246725918964,
    "mae_test": 0.35272268187029054,
    "rmse_train": 0.5204607346351627,
    "rmse_test": 0.4977019442033656,
    "r2_train": 0.009213882954347996,
    "r2_test": 0.009171098944759759,
    "pearson_train": 0.0959889730872672,
    "pearson_test": 0.10947740463175883,
    "coefficients": [
      0.3917298268134517,
      0.000609238371834608
    ],
    "intercept": 2.252768791626118
  }
}