{
  "volume": {
    "train": {
      "mae": 0.3624675174220858,
      "rmse": 0.51120298271847,
      "r2": 0.0010378840204113837,
      "pearson": 0.032216207418186364,
      "n_samples": 800
    },
    "test": {
      "mae": 0.34861490430365566,
      "rmse": 0.49839480121878893,
      "r2": -0.005759197821302298,
      "pearson": -0.031105775477927745,
      "n_samples": 200
    },
    "coefficients": [
      -0.2131171345464748,
      -4.85722573273506e-17,
      0.0,
      -0.12787028579370183,
      0.021848515375761476
    ],
    "intercept": 2.9742419611181274
  },
  "chapter": {
    "train": {
      "mae": 0.3863923615001575,
      "rmse": 0.5291141669773632,
      "r2": 0.0008933084906892486,
      "pearson": 0.029888266772921022,
      "n_samples": 1928
    },
    "test": {
      "mae": 0.3873896801086086,
      "rmse": 0.5396530017658188,
      "r2": 0.0009798290965339351,
      "pearson": 0.032621527214505966,
      "n_samples": 482
    },
    "coefficients": [
      0.04533901255875645,
      -6.938893903907228e-18,
      0.04533901255875651,
      0.011733311095131487
    ],
    "intercept": 2.7268845716844763
  },
  "chunk": {
    "train": {
      "mae": 0.3524810032910096,
      "rmse": 0.5033175779367628,
      "r2": 0.031618561696753145,
      "pearson": 0.17781646350118546,
      "n_samples": 800
    },
    "test": {
      "mae": 0.34495264923736946,
      "rmse": 0.4910467903128747,
      "r2": 0.023678711300429756,
      "pearson": 0.168436547160546,
      "n_samples": 200
    },
    "coefficients": [
      0.8386769601298311,
      5.3957975436760016e-05
    ],
    "intercept": 2.2848869181925116
  },
  "config": {
    "test_split": 0.2,
    "random_seed": 42,
    "volume_features_path": "experiments/results/qwen257b_hipporag2_volume_features.jsonl",
    "chapter_features_path": "experiments/results/qwen257b_hipporag2_chapter_features.jsonl",
    "chunk_features_path": "experiments/results/qwen257b_hipporag2_chunk_features.jsonl"
  }
}